#B2FBFF,#B2FBFF,#B2FBFF,#B2FBFF,#B2FBFF,#B2FBFF,#B2FBFF,#B2FBFF,#B2FBFF,#B2FBFF,#FF7693,#FF7693,#FF7693,#FF7693,#FF7693,#FF7693,#FF7693,#FF7693,#FF7693,#FF7693,#FF7693,#FF7693,#FF7693,#FF7693,#FF7693,#B2FBFF,#B2FBFF,#B2FBFF,#B2FBFF,#B2FBFF,#B2FBFF,#B2FBFF,#B2FBFF,#B2FBFF,#B2FBFF,#B2FBFF,#B2FBFF,#B2FBFF,#B2FBFF,#B2FBFF,#B2FBFF,#B2FBFF,#B2FBFF,#B2FBFF,#B2FBFF,#B2FBFF,#B2FBFF,#B2FBFF,#B2FBFF,#B2FBFF
#B2FBFF,#B2FBFF,#B2FBFF,#B2FBFF,#B2FBFF,#B2FBFF,#B2FBFF,#B2FBFF,#B2FBFF,#B2FBFF,#FF7693,#FF7693,#FF7693,#FF7693,#FF7693,#FF7693,#FF7693,#FF7693,#FF7693,#FF7693,#FF7693,#FF7693,#FF7693,#FF7693,#FF7693,#B2FBFF,#B2FBFF,#B2FBFF,#B2FBFF,#B2FBFF,#B2FBFF,#B2FBFF,#B2FBFF,#B2FBFF,#B2FBFF,#B2FBFF,#B2FBFF,#B2FBFF,#B2FBFF,#B2FBFF,#B2FBFF,#B2FBFF,#B2FBFF,#B2FBFF,#B2FBFF,#B2FBFF,#B2FBFF,#B2FBFF,#B2FBFF,#B2FBFF
#B2FBFF,#B2FBFF,#B2FBFF,#B2FBFF,#B2FBFF,#B2FBFF,#B2FBFF,#B2FBFF,#B2FBFF,#B2FBFF,#FF7693,#FF7693,#FF7693,#FF7693,#FF7693,#FF7693,#FF7693,#FF7693,#FF7693,#FF7693,#FF7693,#FF7693,#FF7693,#FF7693,#FF7693,#B2FBFF,#B2FBFF,#B2FBFF,#B2FBFF,#B2FBFF,#B2FBFF,#B2FBFF,#B2FBFF,#B2FBFF,#B2FBFF,#B2FBFF,#B2FBFF,#B2FBFF,#B2FBFF,#B2FBFF,#B2FBFF,#B2FBFF,#B2FBFF,#B2FBFF,#B2FBFF,#B2FBFF,#B2FBFF,#B2FBFF,#B2FBFF,#B2FBFF
#B2FBFF,#B2FBFF,#B2FBFF,#B2FBFF,#B2FBFF,#B2FBFF,#B2FBFF,#B2FBFF,#B2FBFF,#B2FBFF,#FF7693,#FF7693,#FF7693,#FF7693,#FF7693,#FF7693,#FF7693,#FF7693,#FF7693,#FF7693,#FF7693,#FF7693,#FF7693,#FF7693,#FF7693,#B2FBFF,#B2FBFF,#B2FBFF,#B2FBFF,#B2FBFF,#B2FBFF,#B2FBFF,#B2FBFF,#B2FBFF,#B2FBFF,#B2FBFF,#B2FBFF,#B2FBFF,#B2FBFF,#B2FBFF,#B2FBFF,#B2FBFF,#B2FBFF,#B2FBFF,#B2FBFF,#B2FBFF,#B2FBFF,#B2FBFF,#B2FBFF,#B2FBFF
#B2FBFF,#B2FBFF,#B2FBFF,#B2FBFF,#B2FBFF,#B2FBFF,#B2FBFF,#B2FBFF,#B2FBFF,#B2FBFF,#FF7693,#FF7693,#FF7693,#FF7693,#FF7693,#FF7693,#FF7693,#FF7693,#FF7693,#FF7693,#FF7693,#FF7693,#FF7693,#FF7693,#FF7693,#B2FBFF,#B2FBFF,#B2FBFF,#B2FBFF,#B2FBFF,#B2FBFF,#B2FBFF,#B2FBFF,#B2FBFF,#B2FBFF,#B2FBFF,#B2FBFF,#B2FBFF,#B2FBFF,#B2FBFF,#B2FBFF,#B2FBFF,#B2FBFF,#B2FBFF,#B2FBFF,#B2FBFF,#B2FBFF,#B2FBFF,#B2FBFF,#B2FBFF
#B2FBFF,#B2FBFF,#B2FBFF,#B2FBFF,#B2FBFF,#92364A,#92364A,#92364A,#92364A,#92364A,#FFA8BA,#FFA8BA,#FFA8BA,#FFA8BA,#FFA8BA,#BC6073,#BC6073,#BC6073,#BC6073,#BC6073,#FF7693,#FF7693,#FF7693,#FF7693,#FF7693,#FF7693,#FF7693,#FF7693,#FF7693,#FF7693,#B2FBFF,#B2FBFF,#B2FBFF,#B2FBFF,#B2FBFF,#B2FBFF,#B2FBFF,#B2FBFF,#B2FBFF,#B2FBFF,#B2FBFF,#B2FBFF,#B2FBFF,#B2FBFF,#B2FBFF,#B2FBFF,#B2FBFF,#B2FBFF,#B2FBFF,#B2FBFF
#B2FBFF,#B2FBFF,#B2FBFF,#B2FBFF,#B2FBFF,#92364A,#92364A,#92364A,#92364A,#92364A,#FFA8BA,#FFA8BA,#FFA8BA,#FFA8BA,#FFA8BA,#BC6073,#BC6073,#BC6073,#BC6073,#BC6073,#FF7693,#FF7693,#FF7693,#FF7693,#FF7693,#FF7693,#FF7693,#FF7693,#FF7693,#FF7693,#B2FBFF,#B2FBFF,#B2FBFF,#B2FBFF,#B2FBFF,#B2FBFF,#B2FBFF,#B2FBFF,#B2FBFF,#B2FBFF,#B2FBFF,#B2FBFF,#B2FBFF,#B2FBFF,#B2FBFF,#B2FBFF,#B2FBFF,#B2FBFF,#B2FBFF,#B2FBFF
#B2FBFF,#B2FBFF,#B2FBFF,#B2FBFF,#B2FBFF,#92364A,#92364A,#92364A,#92364A,#92364A,#FFA8BA,#FFA8BA,#FFA8BA,#FFA8BA,#FFA8BA,#BC6073,#BC6073,#BC6073,#BC6073,#BC6073,#FF7693,#FF7693,#FF7693,#FF7693,#FF7693,#FF7693,#FF7693,#FF7693,#FF7693,#FF7693,#B2FBFF,#B2FBFF,#B2FBFF,#B2FBFF,#B2FBFF,#B2FBFF,#B2FBFF,#B2FBFF,#B2FBFF,#B2FBFF,#B2FBFF,#B2FBFF,#B2FBFF,#B2FBFF,#B2FBFF,#B2FBFF,#B2FBFF,#B2FBFF,#B2FBFF,#B2FBFF
#B2FBFF,#B2FBFF,#B2FBFF,#B2FBFF,#B2FBFF,#92364A,#92364A,#92364A,#92364A,#92364A,#FFA8BA,#FFA8BA,#FFA8BA,#FFA8BA,#FFA8BA,#BC6073,#BC6073,#BC6073,#BC6073,#BC6073,#FF7693,#FF7693,#FF7693,#FF7693,#FF7693,#FF7693,#FF7693,#FF7693,#FF7693,#FF7693,#B2FBFF,#B2FBFF,#B2FBFF,#B2FBFF,#B2FBFF,#B2FBFF,#B2FBFF,#B2FBFF,#B2FBFF,#B2FBFF,#B2FBFF,#B2FBFF,#B2FBFF,#B2FBFF,#B2FBFF,#B2FBFF,#B2FBFF,#B2FBFF,#B2FBFF,#B2FBFF
#B2FBFF,#B2FBFF,#B2FBFF,#B2FBFF,#B2FBFF,#92364A,#92364A,#92364A,#92364A,#92364A,#FFA8BA,#FFA8BA,#FFA8BA,#FFA8BA,#FFA8BA,#BC6073,#BC6073,#BC6073,#BC6073,#BC6073,#FF7693,#FF7693,#FF7693,#FF7693,#FF7693,#FF7693,#FF7693,#FF7693,#FF7693,#FF7693,#B2FBFF,#B2FBFF,#B2FBFF,#B2FBFF,#B2FBFF,#B2FBFF,#B2FBFF,#B2FBFF,#B2FBFF,#B2FBFF,#B2FBFF,#B2FBFF,#B2FBFF,#B2FBFF,#B2FBFF,#B2FBFF,#B2FBFF,#B2FBFF,#B2FBFF,#B2FBFF
#54170E,#54170E,#54170E,#54170E,#54170E,#FFA8BA,#FFA8BA,#FFA8BA,#FFA8BA,#FFA8BA,#FFA8BA,#FFA8BA,#FFA8BA,#FFA8BA,#FFA8BA,#FF7693,#FF7693,#FF7693,#FF7693,#FF7693,#FF7693,#FF7693,#FF7693,#FF7693,#FF7693,#FF7693,#FF7693,#FF7693,#FF7693,#FF7693,#B2FBFF,#B2FBFF,#B2FBFF,#B2FBFF,#B2FBFF,#B2FBFF,#B2FBFF,#B2FBFF,#B2FBFF,#B2FBFF,#B2FBFF,#B2FBFF,#B2FBFF,#B2FBFF,#B2FBFF,#B2FBFF,#B2FBFF,#B2FBFF,#B2FBFF,#B2FBFF
#54170E,#54170E,#54170E,#54170E,#54170E,#FFA8BA,#FFA8BA,#FFA8BA,#FFA8BA,#FFA8BA,#FFA8BA,#FFA8BA,#FFA8BA,#FFA8BA,#FFA8BA,#FF7693,#FF7693,#FF7693,#FF7693,#FF7693,#FF7693,#FF7693,#FF7693,#FF7693,#FF7693,#FF7693,#FF7693,#FF7693,#FF7693,#FF7693,#B2FBFF,#B2FBFF,#B2FBFF,#B2FBFF,#B2FBFF,#B2FBFF,#B2FBFF,#B2FBFF,#B2FBFF,#B2FBFF,#B2FBFF,#B2FBFF,#B2FBFF,#B2FBFF,#B2FBFF,#B2FBFF,#B2FBFF,#B2FBFF,#B2FBFF,#B2FBFF
#54170E,#54170E,#54170E,#54170E,#54170E,#FFA8BA,#FFA8BA,#FFA8BA,#FFA8BA,#FFA8BA,#FFA8BA,#FFA8BA,#FFA8BA,#FFA8BA,#FFA8BA,#FF7693,#FF7693,#FF7693,#FF7693,#FF7693,#FF7693,#FF7693,#FF7693,#FF7693,#FF7693,#FF7693,#FF7693,#FF7693,#FF7693,#FF7693,#B2FBFF,#B2FBFF,#B2FBFF,#B2FBFF,#B2FBFF,#B2FBFF,#B2FBFF,#B2FBFF,#B2FBFF,#B2FBFF,#B2FBFF,#B2FBFF,#B2FBFF,#B2FBFF,#B2FBFF,#B2FBFF,#B2FBFF,#B2FBFF,#B2FBFF,#B2FBFF
#54170E,#54170E,#54170E,#54170E,#54170E,#FFA8BA,#FFA8BA,#FFA8BA,#FFA8BA,#FFA8BA,#FFA8BA,#FFA8BA,#FFA8BA,#FFA8BA,#FFA8BA,#FF7693,#FF7693,#FF7693,#FF7693,#FF7693,#FF7693,#FF7693,#FF7693,#FF7693,#FF7693,#FF7693,#FF7693,#FF7693,#FF7693,#FF7693,#B2FBFF,#B2FBFF,#B2FBFF,#B2FBFF,#B2FBFF,#B2FBFF,#B2FBFF,#B2FBFF,#B2FBFF,#B2FBFF,#B2FBFF,#B2FBFF,#B2FBFF,#B2FBFF,#B2FBFF,#B2FBFF,#B2FBFF,#B2FBFF,#B2FBFF,#B2FBFF
#54170E,#54170E,#54170E,#54170E,#54170E,#FFA8BA,#FFA8BA,#FFA8BA,#FFA8BA,#FFA8BA,#FFA8BA,#FFA8BA,#FFA8BA,#FFA8BA,#FFA8BA,#FF7693,#FF7693,#FF7693,#FF7693,#FF7693,#FF7693,#FF7693,#FF7693,#FF7693,#FF7693,#FF7693,#FF7693,#FF7693,#FF7693,#FF7693,#B2FBFF,#B2FBFF,#B2FBFF,#B2FBFF,#B2FBFF,#B2FBFF,#B2FBFF,#B2FBFF,#B2FBFF,#B2FBFF,#B2FBFF,#B2FBFF,#B2FBFF,#B2FBFF,#B2FBFF,#B2FBFF,#B2FBFF,#B2FBFF,#B2FBFF,#B2FBFF
#440900,#440900,#440900,#440900,#440900,#B2FBFF,#B2FBFF,#B2FBFF,#B2FBFF,#B2FBFF,#B2FBFF,#B2FBFF,#B2FBFF,#B2FBFF,#B2FBFF,#E1637D,#E1637D,#E1637D,#E1637D,#E1637D,#FF7693,#FF7693,#FF7693,#FF7693,#FF7693,#FF7693,#FF7693,#FF7693,#FF7693,#FF7693,#B2FBFF,#B2FBFF,#B2FBFF,#B2FBFF,#B2FBFF,#B2FBFF,#B2FBFF,#B2FBFF,#B2FBFF,#B2FBFF,#B2FBFF,#B2FBFF,#B2FBFF,#B2FBFF,#B2FBFF,#B2FBFF,#B2FBFF,#B2FBFF,#B2FBFF,#B2FBFF
#440900,#440900,#440900,#440900,#440900,#B2FBFF,#B2FBFF,#B2FBFF,#B2FBFF,#B2FBFF,#B2FBFF,#B2FBFF,#B2FBFF,#B2FBFF,#B2FBFF,#E1637D,#E1637D,#E1637D,#E1637D,#E1637D,#FF7693,#FF7693,#FF7693,#FF7693,#FF7693,#FF7693,#FF7693,#FF7693,#FF7693,#FF7693,#B2FBFF,#B2FBFF,#B2FBFF,#B2FBFF,#B2FBFF,#B2FBFF,#B2FBFF,#B2FBFF,#B2FBFF,#B2FBFF,#B2FBFF,#B2FBFF,#B2FBFF,#B2FBFF,#B2FBFF,#B2FBFF,#B2FBFF,#B2FBFF,#B2FBFF,#B2FBFF
#440900,#440900,#440900,#440900,#440900,#B2FBFF,#B2FBFF,#B2FBFF,#B2FBFF,#B2FBFF,#B2FBFF,#B2FBFF,#B2FBFF,#B2FBFF,#B2FBFF,#E1637D,#E1637D,#E1637D,#E1637D,#E1637D,#FF7693,#FF7693,#FF7693,#FF7693,#FF7693,#FF7693,#FF7693,#FF7693,#FF7693,#FF7693,#B2FBFF,#B2FBFF,#B2FBFF,#B2FBFF,#B2FBFF,#B2FBFF,#B2FBFF,#B2FBFF,#B2FBFF,#B2FBFF,#B2FBFF,#B2FBFF,#B2FBFF,#B2FBFF,#B2FBFF,#B2FBFF,#B2FBFF,#B2FBFF,#B2FBFF,#B2FBFF
#440900,#440900,#440900,#440900,#440900,#B2FBFF,#B2FBFF,#B2FBFF,#B2FBFF,#B2FBFF,#B2FBFF,#B2FBFF,#B2FBFF,#B2FBFF,#B2FBFF,#E1637D,#E1637D,#E1637D,#E1637D,#E1637D,#FF7693,#FF7693,#FF7693,#FF7693,#FF7693,#FF7693,#FF7693,#FF7693,#FF7693,#FF7693,#B2FBFF,#B2FBFF,#B2FBFF,#B2FBFF,#B2FBFF,#B2FBFF,#B2FBFF,#B2FBFF,#B2FBFF,#B2FBFF,#B2FBFF,#B2FBFF,#B2FBFF,#B2FBFF,#B2FBFF,#B2FBFF,#B2FBFF,#B2FBFF,#B2FBFF,#B2FBFF
#440900,#440900,#440900,#440900,#440900,#B2FBFF,#B2FBFF,#B2FBFF,#B2FBFF,#B2FBFF,#B2FBFF,#B2FBFF,#B2FBFF,#B2FBFF,#B2FBFF,#E1637D,#E1637D,#E1637D,#E1637D,#E1637D,#FF7693,#FF7693,#FF7693,#FF7693,#FF7693,#FF7693,#FF7693,#FF7693,#FF7693,#FF7693,#B2FBFF,#B2FBFF,#B2FBFF,#B2FBFF,#B2FBFF,#B2FBFF,#B2FBFF,#B2FBFF,#B2FBFF,#B2FBFF,#B2FBFF,#B2FBFF,#B2FBFF,#B2FBFF,#B2FBFF,#B2FBFF,#B2FBFF,#B2FBFF,#B2FBFF,#B2FBFF
#B2FBFF,#B2FBFF,#B2FBFF,#B2FBFF,#B2FBFF,#B2FBFF,#B2FBFF,#B2FBFF,#B2FBFF,#B2FBFF,#B2FBFF,#B2FBFF,#B2FBFF,#B2FBFF,#B2FBFF,#EB6A86,#EB6A86,#EB6A86,#EB6A86,#EB6A86,#FF7693,#FF7693,#FF7693,#FF7693,#FF7693,#FF7693,#FF7693,#FF7693,#FF7693,#FF7693,#B2FBFF,#B2FBFF,#B2FBFF,#B2FBFF,#B2FBFF,#B2FBFF,#B2FBFF,#B2FBFF,#B2FBFF,#B2FBFF,#B2FBFF,#B2FBFF,#B2FBFF,#B2FBFF,#B2FBFF,#B2FBFF,#B2FBFF,#B2FBFF,#B2FBFF,#B2FBFF
#B2FBFF,#B2FBFF,#B2FBFF,#B2FBFF,#B2FBFF,#B2FBFF,#B2FBFF,#B2FBFF,#B2FBFF,#B2FBFF,#B2FBFF,#B2FBFF,#B2FBFF,#B2FBFF,#B2FBFF,#EB6A86,#EB6A86,#EB6A86,#EB6A86,#EB6A86,#FF7693,#FF7693,#FF7693,#FF7693,#FF7693,#FF7693,#FF7693,#FF7693,#FF7693,#FF7693,#B2FBFF,#B2FBFF,#B2FBFF,#B2FBFF,#B2FBFF,#B2FBFF,#B2FBFF,#B2FBFF,#B2FBFF,#B2FBFF,#B2FBFF,#B2FBFF,#B2FBFF,#B2FBFF,#B2FBFF,#B2FBFF,#B2FBFF,#B2FBFF,#B2FBFF,#B2FBFF
#B2FBFF,#B2FBFF,#B2FBFF,#B2FBFF,#B2FBFF,#B2FBFF,#B2FBFF,#B2FBFF,#B2FBFF,#B2FBFF,#B2FBFF,#B2FBFF,#B2FBFF,#B2FBFF,#B2FBFF,#EB6A86,#EB6A86,#EB6A86,#EB6A86,#EB6A86,#FF7693,#FF7693,#FF7693,#FF7693,#FF7693,#FF7693,#FF7693,#FF7693,#FF7693,#FF7693,#B2FBFF,#B2FBFF,#B2FBFF,#B2FBFF,#B2FBFF,#B2FBFF,#B2FBFF,#B2FBFF,#B2FBFF,#B2FBFF,#B2FBFF,#B2FBFF,#B2FBFF,#B2FBFF,#B2FBFF,#B2FBFF,#B2FBFF,#B2FBFF,#B2FBFF,#B2FBFF
#B2FBFF,#B2FBFF,#B2FBFF,#B2FBFF,#B2FBFF,#B2FBFF,#B2FBFF,#B2FBFF,#B2FBFF,#B2FBFF,#B2FBFF,#B2FBFF,#B2FBFF,#B2FBFF,#B2FBFF,#EB6A86,#EB6A86,#EB6A86,#EB6A86,#EB6A86,#FF7693,#FF7693,#FF7693,#FF7693,#FF7693,#FF7693,#FF7693,#FF7693,#FF7693,#FF7693,#B2FBFF,#B2FBFF,#B2FBFF,#B2FBFF,#B2FBFF,#B2FBFF,#B2FBFF,#B2FBFF,#B2FBFF,#B2FBFF,#B2FBFF,#B2FBFF,#B2FBFF,#B2FBFF,#B2FBFF,#B2FBFF,#B2FBFF,#B2FBFF,#B2FBFF,#B2FBFF
#B2FBFF,#B2FBFF,#B2FBFF,#B2FBFF,#B2FBFF,#B2FBFF,#B2FBFF,#B2FBFF,#B2FBFF,#B2FBFF,#B2FBFF,#B2FBFF,#B2FBFF,#B2FBFF,#B2FBFF,#EB6A86,#EB6A86,#EB6A86,#EB6A86,#EB6A86,#FF7693,#FF7693,#FF7693,#FF7693,#FF7693,#FF7693,#FF7693,#FF7693,#FF7693,#FF7693,#B2FBFF,#B2FBFF,#B2FBFF,#B2FBFF,#B2FBFF,#B2FBFF,#B2FBFF,#B2FBFF,#B2FBFF,#B2FBFF,#B2FBFF,#B2FBFF,#B2FBFF,#B2FBFF,#B2FBFF,#B2FBFF,#B2FBFF,#B2FBFF,#B2FBFF,#B2FBFF
#B2FBFF,#B2FBFF,#B2FBFF,#B2FBFF,#B2FBFF,#B2FBFF,#B2FBFF,#B2FBFF,#B2FBFF,#B2FBFF,#FF7693,#FF7693,#FF7693,#FF7693,#FF7693,#FF7693,#FF7693,#FF7693,#FF7693,#FF7693,#FF7693,#FF7693,#FF7693,#FF7693,#FF7693,#B2FBFF,#B2FBFF,#B2FBFF,#B2FBFF,#B2FBFF,#B2FBFF,#B2FBFF,#B2FBFF,#B2FBFF,#B2FBFF,#B2FBFF,#B2FBFF,#B2FBFF,#B2FBFF,#B2FBFF,#B2FBFF,#B2FBFF,#B2FBFF,#B2FBFF,#B2FBFF,#B2FBFF,#B2FBFF,#B2FBFF,#B2FBFF,#B2FBFF
#B2FBFF,#B2FBFF,#B2FBFF,#B2FBFF,#B2FBFF,#B2FBFF,#B2FBFF,#B2FBFF,#B2FBFF,#B2FBFF,#FF7693,#FF7693,#FF7693,#FF7693,#FF7693,#FF7693,#FF7693,#FF7693,#FF7693,#FF7693,#FF7693,#FF7693,#FF7693,#FF7693,#FF7693,#B2FBFF,#B2FBFF,#B2FBFF,#B2FBFF,#B2FBFF,#B2FBFF,#B2FBFF,#B2FBFF,#B2FBFF,#B2FBFF,#B2FBFF,#B2FBFF,#B2FBFF,#B2FBFF,#B2FBFF,#B2FBFF,#B2FBFF,#B2FBFF,#B2FBFF,#B2FBFF,#B2FBFF,#B2FBFF,#B2FBFF,#B2FBFF,#B2FBFF
#B2FBFF,#B2FBFF,#B2FBFF,#B2FBFF,#B2FBFF,#B2FBFF,#B2FBFF,#B2FBFF,#B2FBFF,#B2FBFF,#FF7693,#FF7693,#FF7693,#FF7693,#FF7693,#FF7693,#FF7693,#FF7693,#FF7693,#FF7693,#FF7693,#FF7693,#FF7693,#FF7693,#FF7693,#B2FBFF,#B2FBFF,#B2FBFF,#B2FBFF,#B2FBFF,#B2FBFF,#B2FBFF,#B2FBFF,#B2FBFF,#B2FBFF,#B2FBFF,#B2FBFF,#B2FBFF,#B2FBFF,#B2FBFF,#B2FBFF,#B2FBFF,#B2FBFF,#B2FBFF,#B2FBFF,#B2FBFF,#B2FBFF,#B2FBFF,#B2FBFF,#B2FBFF
#B2FBFF,#B2FBFF,#B2FBFF,#B2FBFF,#B2FBFF,#B2FBFF,#B2FBFF,#B2FBFF,#B2FBFF,#B2FBFF,#FF7693,#FF7693,#FF7693,#FF7693,#FF7693,#FF7693,#FF7693,#FF7693,#FF7693,#FF7693,#FF7693,#FF7693,#FF7693,#FF7693,#FF7693,#B2FBFF,#B2FBFF,#B2FBFF,#B2FBFF,#B2FBFF,#B2FBFF,#B2FBFF,#B2FBFF,#B2FBFF,#B2FBFF,#B2FBFF,#B2FBFF,#B2FBFF,#B2FBFF,#B2FBFF,#B2FBFF,#B2FBFF,#B2FBFF,#B2FBFF,#B2FBFF,#B2FBFF,#B2FBFF,#B2FBFF,#B2FBFF,#B2FBFF
#B2FBFF,#B2FBFF,#B2FBFF,#B2FBFF,#B2FBFF,#B2FBFF,#B2FBFF,#B2FBFF,#B2FBFF,#B2FBFF,#FF7693,#FF7693,#FF7693,#FF7693,#FF7693,#FF7693,#FF7693,#FF7693,#FF7693,#FF7693,#FF7693,#FF7693,#FF7693,#FF7693,#FF7693,#B2FBFF,#B2FBFF,#B2FBFF,#B2FBFF,#B2FBFF,#B2FBFF,#B2FBFF,#B2FBFF,#B2FBFF,#B2FBFF,#B2FBFF,#B2FBFF,#B2FBFF,#B2FBFF,#B2FBFF,#B2FBFF,#B2FBFF,#B2FBFF,#B2FBFF,#B2FBFF,#B2FBFF,#B2FBFF,#B2FBFF,#B2FBFF,#B2FBFF
#B2FBFF,#B2FBFF,#B2FBFF,#B2FBFF,#B2FBFF,#FC9CB0,#FC9CB0,#FC9CB0,#FC9CB0,#FC9CB0,#FF7693,#FF7693,#FF7693,#FF7693,#FF7693,#FF7693,#FF7693,#FF7693,#FF7693,#FF7693,#B2FBFF,#B2FBFF,#B2FBFF,#B2FBFF,#B2FBFF,#B2FBFF,#B2FBFF,#B2FBFF,#B2FBFF,#B2FBFF,#B2FBFF,#B2FBFF,#B2FBFF,#B2FBFF,#B2FBFF,#B2FBFF,#B2FBFF,#B2FBFF,#B2FBFF,#B2FBFF,#B2FBFF,#B2FBFF,#B2FBFF,#B2FBFF,#B2FBFF,#B2FBFF,#B2FBFF,#B2FBFF,#B2FBFF,#B2FBFF
#B2FBFF,#B2FBFF,#B2FBFF,#B2FBFF,#B2FBFF,#FC9CB0,#FC9CB0,#FC9CB0,#FC9CB0,#FC9CB0,#FF7693,#FF7693,#FF7693,#FF7693,#FF7693,#FF7693,#FF7693,#FF7693,#FF7693,#FF7693,#B2FBFF,#B2FBFF,#B2FBFF,#B2FBFF,#B2FBFF,#B2FBFF,#B2FBFF,#B2FBFF,#B2FBFF,#B2FBFF,#B2FBFF,#B2FBFF,#B2FBFF,#B2FBFF,#B2FBFF,#B2FBFF,#B2FBFF,#B2FBFF,#B2FBFF,#B2FBFF,#B2FBFF,#B2FBFF,#B2FBFF,#B2FBFF,#B2FBFF,#B2FBFF,#B2FBFF,#B2FBFF,#B2FBFF,#B2FBFF
#B2FBFF,#B2FBFF,#B2FBFF,#B2FBFF,#B2FBFF,#FC9CB0,#FC9CB0,#FC9CB0,#FC9CB0,#FC9CB0,#FF7693,#FF7693,#FF7693,#FF7693,#FF7693,#FF7693,#FF7693,#FF7693,#FF7693,#FF7693,#B2FBFF,#B2FBFF,#B2FBFF,#B2FBFF,#B2FBFF,#B2FBFF,#B2FBFF,#B2FBFF,#B2FBFF,#B2FBFF,#B2FBFF,#B2FBFF,#B2FBFF,#B2FBFF,#B2FBFF,#B2FBFF,#B2FBFF,#B2FBFF,#B2FBFF,#B2FBFF,#B2FBFF,#B2FBFF,#B2FBFF,#B2FBFF,#B2FBFF,#B2FBFF,#B2FBFF,#B2FBFF,#B2FBFF,#B2FBFF
#B2FBFF,#B2FBFF,#B2FBFF,#B2FBFF,#B2FBFF,#FC9CB0,#FC9CB0,#FC9CB0,#FC9CB0,#FC9CB0,#FF7693,#FF7693,#FF7693,#FF7693,#FF7693,#FF7693,#FF7693,#FF7693,#FF7693,#FF7693,#B2FBFF,#B2FBFF,#B2FBFF,#B2FBFF,#B2FBFF,#B2FBFF,#B2FBFF,#B2FBFF,#B2FBFF,#B2FBFF,#B2FBFF,#B2FBFF,#B2FBFF,#B2FBFF,#B2FBFF,#B2FBFF,#B2FBFF,#B2FBFF,#B2FBFF,#B2FBFF,#B2FBFF,#B2FBFF,#B2FBFF,#B2FBFF,#B2FBFF,#B2FBFF,#B2FBFF,#B2FBFF,#B2FBFF,#B2FBFF
#B2FBFF,#B2FBFF,#B2FBFF,#B2FBFF,#B2FBFF,#FC9CB0,#FC9CB0,#FC9CB0,#FC9CB0,#FC9CB0,#FF7693,#FF7693,#FF7693,#FF7693,#FF7693,#FF7693,#FF7693,#FF7693,#FF7693,#FF7693,#B2FBFF,#B2FBFF,#B2FBFF,#B2FBFF,#B2FBFF,#B2FBFF,#B2FBFF,#B2FBFF,#B2FBFF,#B2FBFF,#B2FBFF,#B2FBFF,#B2FBFF,#B2FBFF,#B2FBFF,#B2FBFF,#B2FBFF,#B2FBFF,#B2FBFF,#B2FBFF,#B2FBFF,#B2FBFF,#B2FBFF,#B2FBFF,#B2FBFF,#B2FBFF,#B2FBFF,#B2FBFF,#B2FBFF,#B2FBFF
#B2FBFF,#B2FBFF,#B2FBFF,#B2FBFF,#B2FBFF,#FC9CB0,#FC9CB0,#FC9CB0,#FC9CB0,#FC9CB0,#FF7693,#FF7693,#FF7693,#FF7693,#FF7693,#FF7693,#FF7693,#FF7693,#FF7693,#FF7693,#B2FBFF,#B2FBFF,#B2FBFF,#B2FBFF,#B2FBFF,#B2FBFF,#B2FBFF,#B2FBFF,#B2FBFF,#B2FBFF,#B2FBFF,#B2FBFF,#B2FBFF,#B2FBFF,#B2FBFF,#B2FBFF,#B2FBFF,#B2FBFF,#B2FBFF,#B2FBFF,#FFA8BA,#FFA8BA,#FFA8BA,#FFA8BA,#FFA8BA,#FF7693,#FF7693,#FF7693,#FF7693,#FF7693
#B2FBFF,#B2FBFF,#B2FBFF,#B2FBFF,#B2FBFF,#FC9CB0,#FC9CB0,#FC9CB0,#FC9CB0,#FC9CB0,#FF7693,#FF7693,#FF7693,#FF7693,#FF7693,#FF7693,#FF7693,#FF7693,#FF7693,#FF7693,#B2FBFF,#B2FBFF,#B2FBFF,#B2FBFF,#B2FBFF,#B2FBFF,#B2FBFF,#B2FBFF,#B2FBFF,#B2FBFF,#B2FBFF,#B2FBFF,#B2FBFF,#B2FBFF,#B2FBFF,#B2FBFF,#B2FBFF,#B2FBFF,#B2FBFF,#B2FBFF,#FFA8BA,#FFA8BA,#FFA8BA,#FFA8BA,#FFA8BA,#FF7693,#FF7693,#FF7693,#FF7693,#FF7693
#B2FBFF,#B2FBFF,#B2FBFF,#B2FBFF,#B2FBFF,#FC9CB0,#FC9CB0,#FC9CB0,#FC9CB0,#FC9CB0,#FF7693,#FF7693,#FF7693,#FF7693,#FF7693,#FF7693,#FF7693,#FF7693,#FF7693,#FF7693,#B2FBFF,#B2FBFF,#B2FBFF,#B2FBFF,#B2FBFF,#B2FBFF,#B2FBFF,#B2FBFF,#B2FBFF,#B2FBFF,#B2FBFF,#B2FBFF,#B2FBFF,#B2FBFF,#B2FBFF,#B2FBFF,#B2FBFF,#B2FBFF,#B2FBFF,#B2FBFF,#FFA8BA,#FFA8BA,#FFA8BA,#FFA8BA,#FFA8BA,#FF7693,#FF7693,#FF7693,#FF7693,#FF7693
#B2FBFF,#B2FBFF,#B2FBFF,#B2FBFF,#B2FBFF,#FC9CB0,#FC9CB0,#FC9CB0,#FC9CB0,#FC9CB0,#FF7693,#FF7693,#FF7693,#FF7693,#FF7693,#FF7693,#FF7693,#FF7693,#FF7693,#FF7693,#B2FBFF,#B2FBFF,#B2FBFF,#B2FBFF,#B2FBFF,#B2FBFF,#B2FBFF,#B2FBFF,#B2FBFF,#B2FBFF,#B2FBFF,#B2FBFF,#B2FBFF,#B2FBFF,#B2FBFF,#B2FBFF,#B2FBFF,#B2FBFF,#B2FBFF,#B2FBFF,#FFA8BA,#FFA8BA,#FFA8BA,#FFA8BA,#FFA8BA,#FF7693,#FF7693,#FF7693,#FF7693,#FF7693
#B2FBFF,#B2FBFF,#B2FBFF,#B2FBFF,#B2FBFF,#FC9CB0,#FC9CB0,#FC9CB0,#FC9CB0,#FC9CB0,#FF7693,#FF7693,#FF7693,#FF7693,#FF7693,#FF7693,#FF7693,#FF7693,#FF7693,#FF7693,#B2FBFF,#B2FBFF,#B2FBFF,#B2FBFF,#B2FBFF,#B2FBFF,#B2FBFF,#B2FBFF,#B2FBFF,#B2FBFF,#B2FBFF,#B2FBFF,#B2FBFF,#B2FBFF,#B2FBFF,#B2FBFF,#B2FBFF,#B2FBFF,#B2FBFF,#B2FBFF,#FFA8BA,#FFA8BA,#FFA8BA,#FFA8BA,#FFA8BA,#FF7693,#FF7693,#FF7693,#FF7693,#FF7693
#B2FBFF,#B2FBFF,#B2FBFF,#B2FBFF,#B2FBFF,#FC9CB0,#FC9CB0,#FC9CB0,#FC9CB0,#FC9CB0,#FF7693,#FF7693,#FF7693,#FF7693,#FF7693,#FF7693,#FF7693,#FF7693,#FF7693,#FF7693,#B2FBFF,#B2FBFF,#B2FBFF,#B2FBFF,#B2FBFF,#B2FBFF,#B2FBFF,#B2FBFF,#B2FBFF,#B2FBFF,#FFA8BA,#FFA8BA,#FFA8BA,#FFA8BA,#FFA8BA,#FF7693,#FF7693,#FF7693,#FF7693,#FF7693,#FF7693,#FF7693,#FF7693,#FF7693,#FF7693,#FF7693,#FF7693,#FF7693,#FF7693,#FF7693
#B2FBFF,#B2FBFF,#B2FBFF,#B2FBFF,#B2FBFF,#FC9CB0,#FC9CB0,#FC9CB0,#FC9CB0,#FC9CB0,#FF7693,#FF7693,#FF7693,#FF7693,#FF7693,#FF7693,#FF7693,#FF7693,#FF7693,#FF7693,#B2FBFF,#B2FBFF,#B2FBFF,#B2FBFF,#B2FBFF,#B2FBFF,#B2FBFF,#B2FBFF,#B2FBFF,#B2FBFF,#FFA8BA,#FFA8BA,#FFA8BA,#FFA8BA,#FFA8BA,#FF7693,#FF7693,#FF7693,#FF7693,#FF7693,#FF7693,#FF7693,#FF7693,#FF7693,#FF7693,#FF7693,#FF7693,#FF7693,#FF7693,#FF7693
#B2FBFF,#B2FBFF,#B2FBFF,#B2FBFF,#B2FBFF,#FC9CB0,#FC9CB0,#FC9CB0,#FC9CB0,#FC9CB0,#FF7693,#FF7693,#FF7693,#FF7693,#FF7693,#FF7693,#FF7693,#FF7693,#FF7693,#FF7693,#B2FBFF,#B2FBFF,#B2FBFF,#B2FBFF,#B2FBFF,#B2FBFF,#B2FBFF,#B2FBFF,#B2FBFF,#B2FBFF,#FFA8BA,#FFA8BA,#FFA8BA,#FFA8BA,#FFA8BA,#FF7693,#FF7693,#FF7693,#FF7693,#FF7693,#FF7693,#FF7693,#FF7693,#FF7693,#FF7693,#FF7693,#FF7693,#FF7693,#FF7693,#FF7693
#B2FBFF,#B2FBFF,#B2FBFF,#B2FBFF,#B2FBFF,#FC9CB0,#FC9CB0,#FC9CB0,#FC9CB0,#FC9CB0,#FF7693,#FF7693,#FF7693,#FF7693,#FF7693,#FF7693,#FF7693,#FF7693,#FF7693,#FF7693,#B2FBFF,#B2FBFF,#B2FBFF,#B2FBFF,#B2FBFF,#B2FBFF,#B2FBFF,#B2FBFF,#B2FBFF,#B2FBFF,#FFA8BA,#FFA8BA,#FFA8BA,#FFA8BA,#FFA8BA,#FF7693,#FF7693,#FF7693,#FF7693,#FF7693,#FF7693,#FF7693,#FF7693,#FF7693,#FF7693,#FF7693,#FF7693,#FF7693,#FF7693,#FF7693
#B2FBFF,#B2FBFF,#B2FBFF,#B2FBFF,#B2FBFF,#FC9CB0,#FC9CB0,#FC9CB0,#FC9CB0,#FC9CB0,#FF7693,#FF7693,#FF7693,#FF7693,#FF7693,#FF7693,#FF7693,#FF7693,#FF7693,#FF7693,#B2FBFF,#B2FBFF,#B2FBFF,#B2FBFF,#B2FBFF,#B2FBFF,#B2FBFF,#B2FBFF,#B2FBFF,#B2FBFF,#FFA8BA,#FFA8BA,#FFA8BA,#FFA8BA,#FFA8BA,#FF7693,#FF7693,#FF7693,#FF7693,#FF7693,#FF7693,#FF7693,#FF7693,#FF7693,#FF7693,#FF7693,#FF7693,#FF7693,#FF7693,#FF7693
#B2FBFF,#B2FBFF,#B2FBFF,#B2FBFF,#B2FBFF,#FC9CB0,#FC9CB0,#FC9CB0,#FC9CB0,#FC9CB0,#FF7693,#FF7693,#FF7693,#FF7693,#FF7693,#FF7693,#FF7693,#FF7693,#FF7693,#FF7693,#FF7693,#FF7693,#FF7693,#FF7693,#FF7693,#FF7693,#FF7693,#FF7693,#FF7693,#FF7693,#FF7693,#FF7693,#FF7693,#FF7693,#FF7693,#FF7693,#FF7693,#FF7693,#FF7693,#FF7693,#FF7693,#FF7693,#FF7693,#FF7693,#FF7693,#FF7693,#FF7693,#FF7693,#FF7693,#FF7693
#B2FBFF,#B2FBFF,#B2FBFF,#B2FBFF,#B2FBFF,#FC9CB0,#FC9CB0,#FC9CB0,#FC9CB0,#FC9CB0,#FF7693,#FF7693,#FF7693,#FF7693,#FF7693,#FF7693,#FF7693,#FF7693,#FF7693,#FF7693,#FF7693,#FF7693,#FF7693,#FF7693,#FF7693,#FF7693,#FF7693,#FF7693,#FF7693,#FF7693,#FF7693,#FF7693,#FF7693,#FF7693,#FF7693,#FF7693,#FF7693,#FF7693,#FF7693,#FF7693,#FF7693,#FF7693,#FF7693,#FF7693,#FF7693,#FF7693,#FF7693,#FF7693,#FF7693,#FF7693
#B2FBFF,#B2FBFF,#B2FBFF,#B2FBFF,#B2FBFF,#FC9CB0,#FC9CB0,#FC9CB0,#FC9CB0,#FC9CB0,#FF7693,#FF7693,#FF7693,#FF7693,#FF7693,#FF7693,#FF7693,#FF7693,#FF7693,#FF7693,#FF7693,#FF7693,#FF7693,#FF7693,#FF7693,#FF7693,#FF7693,#FF7693,#FF7693,#FF7693,#FF7693,#FF7693,#FF7693,#FF7693,#FF7693,#FF7693,#FF7693,#FF7693,#FF7693,#FF7693,#FF7693,#FF7693,#FF7693,#FF7693,#FF7693,#FF7693,#FF7693,#FF7693,#FF7693,#FF7693
#B2FBFF,#B2FBFF,#B2FBFF,#B2FBFF,#B2FBFF,#FC9CB0,#FC9CB0,#FC9CB0,#FC9CB0,#FC9CB0,#FF7693,#FF7693,#FF7693,#FF7693,#FF7693,#FF7693,#FF7693,#FF7693,#FF7693,#FF7693,#FF7693,#FF7693,#FF7693,#FF7693,#FF7693,#FF7693,#FF7693,#FF7693,#FF7693,#FF7693,#FF7693,#FF7693,#FF7693,#FF7693,#FF7693,#FF7693,#FF7693,#FF7693,#FF7693,#FF7693,#FF7693,#FF7693,#FF7693,#FF7693,#FF7693,#FF7693,#FF7693,#FF7693,#FF7693,#FF7693
#B2FBFF,#B2FBFF,#B2FBFF,#B2FBFF,#B2FBFF,#FC9CB0,#FC9CB0,#FC9CB0,#FC9CB0,#FC9CB0,#FF7693,#FF7693,#FF7693,#FF7693,#FF7693,#FF7693,#FF7693,#FF7693,#FF7693,#FF7693,#FF7693,#FF7693,#FF7693,#FF7693,#FF7693,#FF7693,#FF7693,#FF7693,#FF7693,#FF7693,#FF7693,#FF7693,#FF7693,#FF7693,#FF7693,#FF7693,#FF7693,#FF7693,#FF7693,#FF7693,#FF7693,#FF7693,#FF7693,#FF7693,#FF7693,#FF7693,#FF7693,#FF7693,#FF7693,#FF7693
