#42D2FF,#42D2FF,#42D2FF,#42D2FF,#42D2FF,#42D2FF,#42D2FF,#42D2FF,#42D2FF,#42D2FF,#42D2FF,#42D2FF,#42D2FF,#42D2FF,#42D2FF,#3A2916,#3A2916,#3A2916,#3A2916,#3A2916,#42D2FF,#42D2FF,#42D2FF,#42D2FF,#42D2FF,#3A2916,#3A2916,#3A2916,#3A2916,#3A2916,#42D2FF,#42D2FF,#42D2FF,#42D2FF,#42D2FF,#42D2FF,#42D2FF,#42D2FF,#42D2FF,#42D2FF,#42D2FF,#42D2FF,#42D2FF,#42D2FF,#42D2FF,#42D2FF,#42D2FF,#42D2FF,#42D2FF,#42D2FF
#42D2FF,#42D2FF,#42D2FF,#42D2FF,#42D2FF,#42D2FF,#42D2FF,#42D2FF,#42D2FF,#42D2FF,#42D2FF,#42D2FF,#42D2FF,#42D2FF,#42D2FF,#3A2916,#3A2916,#3A2916,#3A2916,#3A2916,#42D2FF,#42D2FF,#42D2FF,#42D2FF,#42D2FF,#3A2916,#3A2916,#3A2916,#3A2916,#3A2916,#42D2FF,#42D2FF,#42D2FF,#42D2FF,#42D2FF,#42D2FF,#42D2FF,#42D2FF,#42D2FF,#42D2FF,#42D2FF,#42D2FF,#42D2FF,#42D2FF,#42D2FF,#42D2FF,#42D2FF,#42D2FF,#42D2FF,#42D2FF
#42D2FF,#42D2FF,#42D2FF,#42D2FF,#42D2FF,#42D2FF,#42D2FF,#42D2FF,#42D2FF,#42D2FF,#42D2FF,#42D2FF,#42D2FF,#42D2FF,#42D2FF,#3A2916,#3A2916,#3A2916,#3A2916,#3A2916,#42D2FF,#42D2FF,#42D2FF,#42D2FF,#42D2FF,#3A2916,#3A2916,#3A2916,#3A2916,#3A2916,#42D2FF,#42D2FF,#42D2FF,#42D2FF,#42D2FF,#42D2FF,#42D2FF,#42D2FF,#42D2FF,#42D2FF,#42D2FF,#42D2FF,#42D2FF,#42D2FF,#42D2FF,#42D2FF,#42D2FF,#42D2FF,#42D2FF,#42D2FF
#42D2FF,#42D2FF,#42D2FF,#42D2FF,#42D2FF,#42D2FF,#42D2FF,#42D2FF,#42D2FF,#42D2FF,#42D2FF,#42D2FF,#42D2FF,#42D2FF,#42D2FF,#3A2916,#3A2916,#3A2916,#3A2916,#3A2916,#42D2FF,#42D2FF,#42D2FF,#42D2FF,#42D2FF,#3A2916,#3A2916,#3A2916,#3A2916,#3A2916,#42D2FF,#42D2FF,#42D2FF,#42D2FF,#42D2FF,#42D2FF,#42D2FF,#42D2FF,#42D2FF,#42D2FF,#42D2FF,#42D2FF,#42D2FF,#42D2FF,#42D2FF,#42D2FF,#42D2FF,#42D2FF,#42D2FF,#42D2FF
#42D2FF,#42D2FF,#42D2FF,#42D2FF,#42D2FF,#42D2FF,#42D2FF,#42D2FF,#42D2FF,#42D2FF,#42D2FF,#42D2FF,#42D2FF,#42D2FF,#42D2FF,#3A2916,#3A2916,#3A2916,#3A2916,#3A2916,#42D2FF,#42D2FF,#42D2FF,#42D2FF,#42D2FF,#3A2916,#3A2916,#3A2916,#3A2916,#3A2916,#42D2FF,#42D2FF,#42D2FF,#42D2FF,#42D2FF,#42D2FF,#42D2FF,#42D2FF,#42D2FF,#42D2FF,#42D2FF,#42D2FF,#42D2FF,#42D2FF,#42D2FF,#42D2FF,#42D2FF,#42D2FF,#42D2FF,#42D2FF
#E7A471,#E7A471,#E7A471,#E7A471,#E7A471,#E7A471,#E7A471,#E7A471,#E7A471,#E7A471,#42D2FF,#42D2FF,#42D2FF,#42D2FF,#42D2FF,#E7A471,#E7A471,#E7A471,#E7A471,#E7A471,#42D2FF,#42D2FF,#42D2FF,#42D2FF,#42D2FF,#E7A471,#E7A471,#E7A471,#E7A471,#E7A471,#42D2FF,#42D2FF,#42D2FF,#42D2FF,#42D2FF,#F4B990,#F4B990,#F4B990,#F4B990,#F4B990,#E7A471,#E7A471,#E7A471,#E7A471,#E7A471,#42D2FF,#42D2FF,#42D2FF,#42D2FF,#42D2FF
#E7A471,#E7A471,#E7A471,#E7A471,#E7A471,#E7A471,#E7A471,#E7A471,#E7A471,#E7A471,#42D2FF,#42D2FF,#42D2FF,#42D2FF,#42D2FF,#E7A471,#E7A471,#E7A471,#E7A471,#E7A471,#42D2FF,#42D2FF,#42D2FF,#42D2FF,#42D2FF,#E7A471,#E7A471,#E7A471,#E7A471,#E7A471,#42D2FF,#42D2FF,#42D2FF,#42D2FF,#42D2FF,#F4B990,#F4B990,#F4B990,#F4B990,#F4B990,#E7A471,#E7A471,#E7A471,#E7A471,#E7A471,#42D2FF,#42D2FF,#42D2FF,#42D2FF,#42D2FF
#E7A471,#E7A471,#E7A471,#E7A471,#E7A471,#E7A471,#E7A471,#E7A471,#E7A471,#E7A471,#42D2FF,#42D2FF,#42D2FF,#42D2FF,#42D2FF,#E7A471,#E7A471,#E7A471,#E7A471,#E7A471,#42D2FF,#42D2FF,#42D2FF,#42D2FF,#42D2FF,#E7A471,#E7A471,#E7A471,#E7A471,#E7A471,#42D2FF,#42D2FF,#42D2FF,#42D2FF,#42D2FF,#F4B990,#F4B990,#F4B990,#F4B990,#F4B990,#E7A471,#E7A471,#E7A471,#E7A471,#E7A471,#42D2FF,#42D2FF,#42D2FF,#42D2FF,#42D2FF
#E7A471,#E7A471,#E7A471,#E7A471,#E7A471,#E7A471,#E7A471,#E7A471,#E7A471,#E7A471,#42D2FF,#42D2FF,#42D2FF,#42D2FF,#42D2FF,#E7A471,#E7A471,#E7A471,#E7A471,#E7A471,#42D2FF,#42D2FF,#42D2FF,#42D2FF,#42D2FF,#E7A471,#E7A471,#E7A471,#E7A471,#E7A471,#42D2FF,#42D2FF,#42D2FF,#42D2FF,#42D2FF,#F4B990,#F4B990,#F4B990,#F4B990,#F4B990,#E7A471,#E7A471,#E7A471,#E7A471,#E7A471,#42D2FF,#42D2FF,#42D2FF,#42D2FF,#42D2FF
#E7A471,#E7A471,#E7A471,#E7A471,#E7A471,#E7A471,#E7A471,#E7A471,#E7A471,#E7A471,#42D2FF,#42D2FF,#42D2FF,#42D2FF,#42D2FF,#E7A471,#E7A471,#E7A471,#E7A471,#E7A471,#42D2FF,#42D2FF,#42D2FF,#42D2FF,#42D2FF,#E7A471,#E7A471,#E7A471,#E7A471,#E7A471,#42D2FF,#42D2FF,#42D2FF,#42D2FF,#42D2FF,#F4B990,#F4B990,#F4B990,#F4B990,#F4B990,#E7A471,#E7A471,#E7A471,#E7A471,#E7A471,#42D2FF,#42D2FF,#42D2FF,#42D2FF,#42D2FF
#33CFFF,#33CFFF,#33CFFF,#33CFFF,#33CFFF,#F4B990,#F4B990,#F4B990,#F4B990,#F4B990,#EAA471,#EAA471,#EAA471,#EAA471,#EAA471,#EAA471,#EAA471,#EAA471,#EAA471,#EAA471,#EAA471,#EAA471,#EAA471,#EAA471,#EAA471,#EAA471,#EAA471,#EAA471,#EAA471,#EAA471,#EAA471,#EAA471,#EAA471,#EAA471,#EAA471,#F4B990,#F4B990,#F4B990,#F4B990,#F4B990,#42D2FF,#42D2FF,#42D2FF,#42D2FF,#42D2FF,#42D2FF,#42D2FF,#42D2FF,#42D2FF,#42D2FF
#33CFFF,#33CFFF,#33CFFF,#33CFFF,#33CFFF,#F4B990,#F4B990,#F4B990,#F4B990,#F4B990,#EAA471,#EAA471,#EAA471,#EAA471,#EAA471,#EAA471,#EAA471,#EAA471,#EAA471,#EAA471,#EAA471,#EAA471,#EAA471,#EAA471,#EAA471,#EAA471,#EAA471,#EAA471,#EAA471,#EAA471,#EAA471,#EAA471,#EAA471,#EAA471,#EAA471,#F4B990,#F4B990,#F4B990,#F4B990,#F4B990,#42D2FF,#42D2FF,#42D2FF,#42D2FF,#42D2FF,#42D2FF,#42D2FF,#42D2FF,#42D2FF,#42D2FF
#33CFFF,#33CFFF,#33CFFF,#33CFFF,#33CFFF,#F4B990,#F4B990,#F4B990,#F4B990,#F4B990,#EAA471,#EAA471,#EAA471,#EAA471,#EAA471,#EAA471,#EAA471,#EAA471,#EAA471,#EAA471,#EAA471,#EAA471,#EAA471,#EAA471,#EAA471,#EAA471,#EAA471,#EAA471,#EAA471,#EAA471,#EAA471,#EAA471,#EAA471,#EAA471,#EAA471,#F4B990,#F4B990,#F4B990,#F4B990,#F4B990,#42D2FF,#42D2FF,#42D2FF,#42D2FF,#42D2FF,#42D2FF,#42D2FF,#42D2FF,#42D2FF,#42D2FF
#33CFFF,#33CFFF,#33CFFF,#33CFFF,#33CFFF,#F4B990,#F4B990,#F4B990,#F4B990,#F4B990,#EAA471,#EAA471,#EAA471,#EAA471,#EAA471,#EAA471,#EAA471,#EAA471,#EAA471,#EAA471,#EAA471,#EAA471,#EAA471,#EAA471,#EAA471,#EAA471,#EAA471,#EAA471,#EAA471,#EAA471,#EAA471,#EAA471,#EAA471,#EAA471,#EAA471,#F4B990,#F4B990,#F4B990,#F4B990,#F4B990,#42D2FF,#42D2FF,#42D2FF,#42D2FF,#42D2FF,#42D2FF,#42D2FF,#42D2FF,#42D2FF,#42D2FF
#33CFFF,#33CFFF,#33CFFF,#33CFFF,#33CFFF,#F4B990,#F4B990,#F4B990,#F4B990,#F4B990,#EAA471,#EAA471,#EAA471,#EAA471,#EAA471,#EAA471,#EAA471,#EAA471,#EAA471,#EAA471,#EAA471,#EAA471,#EAA471,#EAA471,#EAA471,#EAA471,#EAA471,#EAA471,#EAA471,#EAA471,#EAA471,#EAA471,#EAA471,#EAA471,#EAA471,#F4B990,#F4B990,#F4B990,#F4B990,#F4B990,#42D2FF,#42D2FF,#42D2FF,#42D2FF,#42D2FF,#42D2FF,#42D2FF,#42D2FF,#42D2FF,#42D2FF
#6BDCFF,#6BDCFF,#6BDCFF,#6BDCFF,#6BDCFF,#6BDCFF,#6BDCFF,#6BDCFF,#6BDCFF,#6BDCFF,#EAA471,#EAA471,#EAA471,#EAA471,#EAA471,#684224,#684224,#684224,#684224,#684224,#EAA471,#EAA471,#EAA471,#EAA471,#EAA471,#EAA471,#EAA471,#EAA471,#EAA471,#EAA471,#684224,#684224,#684224,#684224,#684224,#42D2FF,#42D2FF,#42D2FF,#42D2FF,#42D2FF,#42D2FF,#42D2FF,#42D2FF,#42D2FF,#42D2FF,#42D2FF,#42D2FF,#42D2FF,#42D2FF,#42D2FF
#6BDCFF,#6BDCFF,#6BDCFF,#6BDCFF,#6BDCFF,#6BDCFF,#6BDCFF,#6BDCFF,#6BDCFF,#6BDCFF,#EAA471,#EAA471,#EAA471,#EAA471,#EAA471,#684224,#684224,#684224,#684224,#684224,#EAA471,#EAA471,#EAA471,#EAA471,#EAA471,#EAA471,#EAA471,#EAA471,#EAA471,#EAA471,#684224,#684224,#684224,#684224,#684224,#42D2FF,#42D2FF,#42D2FF,#42D2FF,#42D2FF,#42D2FF,#42D2FF,#42D2FF,#42D2FF,#42D2FF,#42D2FF,#42D2FF,#42D2FF,#42D2FF,#42D2FF
#6BDCFF,#6BDCFF,#6BDCFF,#6BDCFF,#6BDCFF,#6BDCFF,#6BDCFF,#6BDCFF,#6BDCFF,#6BDCFF,#EAA471,#EAA471,#EAA471,#EAA471,#EAA471,#684224,#684224,#684224,#684224,#684224,#EAA471,#EAA471,#EAA471,#EAA471,#EAA471,#EAA471,#EAA471,#EAA471,#EAA471,#EAA471,#684224,#684224,#684224,#684224,#684224,#42D2FF,#42D2FF,#42D2FF,#42D2FF,#42D2FF,#42D2FF,#42D2FF,#42D2FF,#42D2FF,#42D2FF,#42D2FF,#42D2FF,#42D2FF,#42D2FF,#42D2FF
#6BDCFF,#6BDCFF,#6BDCFF,#6BDCFF,#6BDCFF,#6BDCFF,#6BDCFF,#6BDCFF,#6BDCFF,#6BDCFF,#EAA471,#EAA471,#EAA471,#EAA471,#EAA471,#684224,#684224,#684224,#684224,#684224,#EAA471,#EAA471,#EAA471,#EAA471,#EAA471,#EAA471,#EAA471,#EAA471,#EAA471,#EAA471,#684224,#684224,#684224,#684224,#684224,#42D2FF,#42D2FF,#42D2FF,#42D2FF,#42D2FF,#42D2FF,#42D2FF,#42D2FF,#42D2FF,#42D2FF,#42D2FF,#42D2FF,#42D2FF,#42D2FF,#42D2FF
#6BDCFF,#6BDCFF,#6BDCFF,#6BDCFF,#6BDCFF,#6BDCFF,#6BDCFF,#6BDCFF,#6BDCFF,#6BDCFF,#EAA471,#EAA471,#EAA471,#EAA471,#EAA471,#684224,#684224,#684224,#684224,#684224,#EAA471,#EAA471,#EAA471,#EAA471,#EAA471,#EAA471,#EAA471,#EAA471,#EAA471,#EAA471,#684224,#684224,#684224,#684224,#684224,#42D2FF,#42D2FF,#42D2FF,#42D2FF,#42D2FF,#42D2FF,#42D2FF,#42D2FF,#42D2FF,#42D2FF,#42D2FF,#42D2FF,#42D2FF,#42D2FF,#42D2FF
#6BDCFF,#6BDCFF,#6BDCFF,#6BDCFF,#6BDCFF,#6BDCFF,#6BDCFF,#6BDCFF,#6BDCFF,#6BDCFF,#EAA471,#EAA471,#EAA471,#EAA471,#EAA471,#EAA471,#EAA471,#EAA471,#EAA471,#EAA471,#EAA471,#EAA471,#EAA471,#EAA471,#EAA471,#EAA471,#EAA471,#EAA471,#EAA471,#EAA471,#EAA471,#EAA471,#EAA471,#EAA471,#EAA471,#EAA471,#EAA471,#EAA471,#EAA471,#EAA471,#6DDCFF,#6DDCFF,#6DDCFF,#6DDCFF,#6DDCFF,#65D9FE,#65D9FE,#65D9FE,#65D9FE,#65D9FE
#6BDCFF,#6BDCFF,#6BDCFF,#6BDCFF,#6BDCFF,#6BDCFF,#6BDCFF,#6BDCFF,#6BDCFF,#6BDCFF,#EAA471,#EAA471,#EAA471,#EAA471,#EAA471,#EAA471,#EAA471,#EAA471,#EAA471,#EAA471,#EAA471,#EAA471,#EAA471,#EAA471,#EAA471,#EAA471,#EAA471,#EAA471,#EAA471,#EAA471,#EAA471,#EAA471,#EAA471,#EAA471,#EAA471,#EAA471,#EAA471,#EAA471,#EAA471,#EAA471,#6DDCFF,#6DDCFF,#6DDCFF,#6DDCFF,#6DDCFF,#65D9FE,#65D9FE,#65D9FE,#65D9FE,#65D9FE
#6BDCFF,#6BDCFF,#6BDCFF,#6BDCFF,#6BDCFF,#6BDCFF,#6BDCFF,#6BDCFF,#6BDCFF,#6BDCFF,#EAA471,#EAA471,#EAA471,#EAA471,#EAA471,#EAA471,#EAA471,#EAA471,#EAA471,#EAA471,#EAA471,#EAA471,#EAA471,#EAA471,#EAA471,#EAA471,#EAA471,#EAA471,#EAA471,#EAA471,#EAA471,#EAA471,#EAA471,#EAA471,#EAA471,#EAA471,#EAA471,#EAA471,#EAA471,#EAA471,#6DDCFF,#6DDCFF,#6DDCFF,#6DDCFF,#6DDCFF,#65D9FE,#65D9FE,#65D9FE,#65D9FE,#65D9FE
#6BDCFF,#6BDCFF,#6BDCFF,#6BDCFF,#6BDCFF,#6BDCFF,#6BDCFF,#6BDCFF,#6BDCFF,#6BDCFF,#EAA471,#EAA471,#EAA471,#EAA471,#EAA471,#EAA471,#EAA471,#EAA471,#EAA471,#EAA471,#EAA471,#EAA471,#EAA471,#EAA471,#EAA471,#EAA471,#EAA471,#EAA471,#EAA471,#EAA471,#EAA471,#EAA471,#EAA471,#EAA471,#EAA471,#EAA471,#EAA471,#EAA471,#EAA471,#EAA471,#6DDCFF,#6DDCFF,#6DDCFF,#6DDCFF,#6DDCFF,#65D9FE,#65D9FE,#65D9FE,#65D9FE,#65D9FE
#6BDCFF,#6BDCFF,#6BDCFF,#6BDCFF,#6BDCFF,#6BDCFF,#6BDCFF,#6BDCFF,#6BDCFF,#6BDCFF,#EAA471,#EAA471,#EAA471,#EAA471,#EAA471,#EAA471,#EAA471,#EAA471,#EAA471,#EAA471,#EAA471,#EAA471,#EAA471,#EAA471,#EAA471,#EAA471,#EAA471,#EAA471,#EAA471,#EAA471,#EAA471,#EAA471,#EAA471,#EAA471,#EAA471,#EAA471,#EAA471,#EAA471,#EAA471,#EAA471,#6DDCFF,#6DDCFF,#6DDCFF,#6DDCFF,#6DDCFF,#65D9FE,#65D9FE,#65D9FE,#65D9FE,#65D9FE
#6BDCFF,#6BDCFF,#6BDCFF,#6BDCFF,#6BDCFF,#87E3FE,#87E3FE,#87E3FE,#87E3FE,#87E3FE,#EAA471,#EAA471,#EAA471,#EAA471,#EAA471,#EAA471,#EAA471,#EAA471,#EAA471,#EAA471,#EAA471,#EAA471,#EAA471,#EAA471,#EAA471,#EAA471,#EAA471,#EAA471,#EAA471,#EAA471,#EAA471,#EAA471,#EAA471,#EAA471,#EAA471,#EAA471,#EAA471,#EAA471,#EAA471,#EAA471,#EAA471,#EAA471,#EAA471,#EAA471,#EAA471,#72DEFF,#72DEFF,#72DEFF,#72DEFF,#72DEFF
#6BDCFF,#6BDCFF,#6BDCFF,#6BDCFF,#6BDCFF,#87E3FE,#87E3FE,#87E3FE,#87E3FE,#87E3FE,#EAA471,#EAA471,#EAA471,#EAA471,#EAA471,#EAA471,#EAA471,#EAA471,#EAA471,#EAA471,#EAA471,#EAA471,#EAA471,#EAA471,#EAA471,#EAA471,#EAA471,#EAA471,#EAA471,#EAA471,#EAA471,#EAA471,#EAA471,#EAA471,#EAA471,#EAA471,#EAA471,#EAA471,#EAA471,#EAA471,#EAA471,#EAA471,#EAA471,#EAA471,#EAA471,#72DEFF,#72DEFF,#72DEFF,#72DEFF,#72DEFF
#6BDCFF,#6BDCFF,#6BDCFF,#6BDCFF,#6BDCFF,#87E3FE,#87E3FE,#87E3FE,#87E3FE,#87E3FE,#EAA471,#EAA471,#EAA471,#EAA471,#EAA471,#EAA471,#EAA471,#EAA471,#EAA471,#EAA471,#EAA471,#EAA471,#EAA471,#EAA471,#EAA471,#EAA471,#EAA471,#EAA471,#EAA471,#EAA471,#EAA471,#EAA471,#EAA471,#EAA471,#EAA471,#EAA471,#EAA471,#EAA471,#EAA471,#EAA471,#EAA471,#EAA471,#EAA471,#EAA471,#EAA471,#72DEFF,#72DEFF,#72DEFF,#72DEFF,#72DEFF
#6BDCFF,#6BDCFF,#6BDCFF,#6BDCFF,#6BDCFF,#87E3FE,#87E3FE,#87E3FE,#87E3FE,#87E3FE,#EAA471,#EAA471,#EAA471,#EAA471,#EAA471,#EAA471,#EAA471,#EAA471,#EAA471,#EAA471,#EAA471,#EAA471,#EAA471,#EAA471,#EAA471,#EAA471,#EAA471,#EAA471,#EAA471,#EAA471,#EAA471,#EAA471,#EAA471,#EAA471,#EAA471,#EAA471,#EAA471,#EAA471,#EAA471,#EAA471,#EAA471,#EAA471,#EAA471,#EAA471,#EAA471,#72DEFF,#72DEFF,#72DEFF,#72DEFF,#72DEFF
#6BDCFF,#6BDCFF,#6BDCFF,#6BDCFF,#6BDCFF,#87E3FE,#87E3FE,#87E3FE,#87E3FE,#87E3FE,#EAA471,#EAA471,#EAA471,#EAA471,#EAA471,#EAA471,#EAA471,#EAA471,#EAA471,#EAA471,#EAA471,#EAA471,#EAA471,#EAA471,#EAA471,#EAA471,#EAA471,#EAA471,#EAA471,#EAA471,#EAA471,#EAA471,#EAA471,#EAA471,#EAA471,#EAA471,#EAA471,#EAA471,#EAA471,#EAA471,#EAA471,#EAA471,#EAA471,#EAA471,#EAA471,#72DEFF,#72DEFF,#72DEFF,#72DEFF,#72DEFF
#87E3FE,#87E3FE,#87E3FE,#87E3FE,#87E3FE,#87E3FE,#87E3FE,#87E3FE,#87E3FE,#87E3FE,#EAA471,#EAA471,#EAA471,#EAA471,#EAA471,#CF854F,#CF854F,#CF854F,#CF854F,#CF854F,#EAA471,#EAA471,#EAA471,#EAA471,#EAA471,#EAA471,#EAA471,#EAA471,#EAA471,#EAA471,#EAA471,#EAA471,#EAA471,#EAA471,#EAA471,#AE703F,#AE703F,#AE703F,#AE703F,#AE703F,#CF854F,#CF854F,#CF854F,#CF854F,#CF854F,#AE703F,#AE703F,#AE703F,#AE703F,#AE703F
#87E3FE,#87E3FE,#87E3FE,#87E3FE,#87E3FE,#87E3FE,#87E3FE,#87E3FE,#87E3FE,#87E3FE,#EAA471,#EAA471,#EAA471,#EAA471,#EAA471,#CF854F,#CF854F,#CF854F,#CF854F,#CF854F,#EAA471,#EAA471,#EAA471,#EAA471,#EAA471,#EAA471,#EAA471,#EAA471,#EAA471,#EAA471,#EAA471,#EAA471,#EAA471,#EAA471,#EAA471,#AE703F,#AE703F,#AE703F,#AE703F,#AE703F,#CF854F,#CF854F,#CF854F,#CF854F,#CF854F,#AE703F,#AE703F,#AE703F,#AE703F,#AE703F
#87E3FE,#87E3FE,#87E3FE,#87E3FE,#87E3FE,#87E3FE,#87E3FE,#87E3FE,#87E3FE,#87E3FE,#EAA471,#EAA471,#EAA471,#EAA471,#EAA471,#CF854F,#CF854F,#CF854F,#CF854F,#CF854F,#EAA471,#EAA471,#EAA471,#EAA471,#EAA471,#EAA471,#EAA471,#EAA471,#EAA471,#EAA471,#EAA471,#EAA471,#EAA471,#EAA471,#EAA471,#AE703F,#AE703F,#AE703F,#AE703F,#AE703F,#CF854F,#CF854F,#CF854F,#CF854F,#CF854F,#AE703F,#AE703F,#AE703F,#AE703F,#AE703F
#87E3FE,#87E3FE,#87E3FE,#87E3FE,#87E3FE,#87E3FE,#87E3FE,#87E3FE,#87E3FE,#87E3FE,#EAA471,#EAA471,#EAA471,#EAA471,#EAA471,#CF854F,#CF854F,#CF854F,#CF854F,#CF854F,#EAA471,#EAA471,#EAA471,#EAA471,#EAA471,#EAA471,#EAA471,#EAA471,#EAA471,#EAA471,#EAA471,#EAA471,#EAA471,#EAA471,#EAA471,#AE703F,#AE703F,#AE703F,#AE703F,#AE703F,#CF854F,#CF854F,#CF854F,#CF854F,#CF854F,#AE703F,#AE703F,#AE703F,#AE703F,#AE703F
#87E3FE,#87E3FE,#87E3FE,#87E3FE,#87E3FE,#87E3FE,#87E3FE,#87E3FE,#87E3FE,#87E3FE,#EAA471,#EAA471,#EAA471,#EAA471,#EAA471,#CF854F,#CF854F,#CF854F,#CF854F,#CF854F,#EAA471,#EAA471,#EAA471,#EAA471,#EAA471,#EAA471,#EAA471,#EAA471,#EAA471,#EAA471,#EAA471,#EAA471,#EAA471,#EAA471,#EAA471,#AE703F,#AE703F,#AE703F,#AE703F,#AE703F,#CF854F,#CF854F,#CF854F,#CF854F,#CF854F,#AE703F,#AE703F,#AE703F,#AE703F,#AE703F
#87E3FE,#87E3FE,#87E3FE,#87E3FE,#87E3FE,#96E8FE,#96E8FE,#96E8FE,#96E8FE,#96E8FE,#EAA471,#EAA471,#EAA471,#EAA471,#EAA471,#CF854F,#CF854F,#CF854F,#CF854F,#CF854F,#CF854F,#CF854F,#CF854F,#CF854F,#CF854F,#EAA471,#EAA471,#EAA471,#EAA471,#EAA471,#EAA471,#EAA471,#EAA471,#EAA471,#EAA471,#CF854F,#CF854F,#CF854F,#CF854F,#CF854F,#CF854F,#CF854F,#CF854F,#CF854F,#CF854F,#CF854F,#CF854F,#CF854F,#CF854F,#CF854F
#87E3FE,#87E3FE,#87E3FE,#87E3FE,#87E3FE,#96E8FE,#96E8FE,#96E8FE,#96E8FE,#96E8FE,#EAA471,#EAA471,#EAA471,#EAA471,#EAA471,#CF854F,#CF854F,#CF854F,#CF854F,#CF854F,#CF854F,#CF854F,#CF854F,#CF854F,#CF854F,#EAA471,#EAA471,#EAA471,#EAA471,#EAA471,#EAA471,#EAA471,#EAA471,#EAA471,#EAA471,#CF854F,#CF854F,#CF854F,#CF854F,#CF854F,#CF854F,#CF854F,#CF854F,#CF854F,#CF854F,#CF854F,#CF854F,#CF854F,#CF854F,#CF854F
#87E3FE,#87E3FE,#87E3FE,#87E3FE,#87E3FE,#96E8FE,#96E8FE,#96E8FE,#96E8FE,#96E8FE,#EAA471,#EAA471,#EAA471,#EAA471,#EAA471,#CF854F,#CF854F,#CF854F,#CF854F,#CF854F,#CF854F,#CF854F,#CF854F,#CF854F,#CF854F,#EAA471,#EAA471,#EAA471,#EAA471,#EAA471,#EAA471,#EAA471,#EAA471,#EAA471,#EAA471,#CF854F,#CF854F,#CF854F,#CF854F,#CF854F,#CF854F,#CF854F,#CF854F,#CF854F,#CF854F,#CF854F,#CF854F,#CF854F,#CF854F,#CF854F
#87E3FE,#87E3FE,#87E3FE,#87E3FE,#87E3FE,#96E8FE,#96E8FE,#96E8FE,#96E8FE,#96E8FE,#EAA471,#EAA471,#EAA471,#EAA471,#EAA471,#CF854F,#CF854F,#CF854F,#CF854F,#CF854F,#CF854F,#CF854F,#CF854F,#CF854F,#CF854F,#EAA471,#EAA471,#EAA471,#EAA471,#EAA471,#EAA471,#EAA471,#EAA471,#EAA471,#EAA471,#CF854F,#CF854F,#CF854F,#CF854F,#CF854F,#CF854F,#CF854F,#CF854F,#CF854F,#CF854F,#CF854F,#CF854F,#CF854F,#CF854F,#CF854F
#87E3FE,#87E3FE,#87E3FE,#87E3FE,#87E3FE,#96E8FE,#96E8FE,#96E8FE,#96E8FE,#96E8FE,#EAA471,#EAA471,#EAA471,#EAA471,#EAA471,#CF854F,#CF854F,#CF854F,#CF854F,#CF854F,#CF854F,#CF854F,#CF854F,#CF854F,#CF854F,#EAA471,#EAA471,#EAA471,#EAA471,#EAA471,#EAA471,#EAA471,#EAA471,#EAA471,#EAA471,#CF854F,#CF854F,#CF854F,#CF854F,#CF854F,#CF854F,#CF854F,#CF854F,#CF854F,#CF854F,#CF854F,#CF854F,#CF854F,#CF854F,#CF854F
#87E3FE,#87E3FE,#87E3FE,#87E3FE,#87E3FE,#96E8FE,#96E8FE,#96E8FE,#96E8FE,#96E8FE,#EAA471,#EAA471,#EAA471,#EAA471,#EAA471,#CF854F,#CF854F,#CF854F,#CF854F,#CF854F,#CF854F,#CF854F,#CF854F,#CF854F,#CF854F,#CF854F,#CF854F,#CF854F,#CF854F,#CF854F,#EAA471,#EAA471,#EAA471,#EAA471,#EAA471,#CF854F,#CF854F,#CF854F,#CF854F,#CF854F,#CF854F,#CF854F,#CF854F,#CF854F,#CF854F,#CF854F,#CF854F,#CF854F,#CF854F,#CF854F
#87E3FE,#87E3FE,#87E3FE,#87E3FE,#87E3FE,#96E8FE,#96E8FE,#96E8FE,#96E8FE,#96E8FE,#EAA471,#EAA471,#EAA471,#EAA471,#EAA471,#CF854F,#CF854F,#CF854F,#CF854F,#CF854F,#CF854F,#CF854F,#CF854F,#CF854F,#CF854F,#CF854F,#CF854F,#CF854F,#CF854F,#CF854F,#EAA471,#EAA471,#EAA471,#EAA471,#EAA471,#CF854F,#CF854F,#CF854F,#CF854F,#CF854F,#CF854F,#CF854F,#CF854F,#CF854F,#CF854F,#CF854F,#CF854F,#CF854F,#CF854F,#CF854F
#87E3FE,#87E3FE,#87E3FE,#87E3FE,#87E3FE,#96E8FE,#96E8FE,#96E8FE,#96E8FE,#96E8FE,#EAA471,#EAA471,#EAA471,#EAA471,#EAA471,#CF854F,#CF854F,#CF854F,#CF854F,#CF854F,#CF854F,#CF854F,#CF854F,#CF854F,#CF854F,#CF854F,#CF854F,#CF854F,#CF854F,#CF854F,#EAA471,#EAA471,#EAA471,#EAA471,#EAA471,#CF854F,#CF854F,#CF854F,#CF854F,#CF854F,#CF854F,#CF854F,#CF854F,#CF854F,#CF854F,#CF854F,#CF854F,#CF854F,#CF854F,#CF854F
#87E3FE,#87E3FE,#87E3FE,#87E3FE,#87E3FE,#96E8FE,#96E8FE,#96E8FE,#96E8FE,#96E8FE,#EAA471,#EAA471,#EAA471,#EAA471,#EAA471,#CF854F,#CF854F,#CF854F,#CF854F,#CF854F,#CF854F,#CF854F,#CF854F,#CF854F,#CF854F,#CF854F,#CF854F,#CF854F,#CF854F,#CF854F,#EAA471,#EAA471,#EAA471,#EAA471,#EAA471,#CF854F,#CF854F,#CF854F,#CF854F,#CF854F,#CF854F,#CF854F,#CF854F,#CF854F,#CF854F,#CF854F,#CF854F,#CF854F,#CF854F,#CF854F
#87E3FE,#87E3FE,#87E3FE,#87E3FE,#87E3FE,#96E8FE,#96E8FE,#96E8FE,#96E8FE,#96E8FE,#EAA471,#EAA471,#EAA471,#EAA471,#EAA471,#CF854F,#CF854F,#CF854F,#CF854F,#CF854F,#CF854F,#CF854F,#CF854F,#CF854F,#CF854F,#CF854F,#CF854F,#CF854F,#CF854F,#CF854F,#EAA471,#EAA471,#EAA471,#EAA471,#EAA471,#CF854F,#CF854F,#CF854F,#CF854F,#CF854F,#CF854F,#CF854F,#CF854F,#CF854F,#CF854F,#CF854F,#CF854F,#CF854F,#CF854F,#CF854F
#87E3FE,#87E3FE,#87E3FE,#87E3FE,#87E3FE,#A2EAFD,#A2EAFD,#A2EAFD,#A2EAFD,#A2EAFD,#EAA471,#EAA471,#EAA471,#EAA471,#EAA471,#CF854F,#CF854F,#CF854F,#CF854F,#CF854F,#CF854F,#CF854F,#CF854F,#CF854F,#CF854F,#CF854F,#CF854F,#CF854F,#CF854F,#CF854F,#B6EEFD,#B6EEFD,#B6EEFD,#B6EEFD,#B6EEFD,#AAEBFF,#AAEBFF,#AAEBFF,#AAEBFF,#AAEBFF,#95E7FE,#95E7FE,#95E7FE,#95E7FE,#95E7FE,#87E3FE,#87E3FE,#87E3FE,#87E3FE,#87E3FE
#87E3FE,#87E3FE,#87E3FE,#87E3FE,#87E3FE,#A2EAFD,#A2EAFD,#A2EAFD,#A2EAFD,#A2EAFD,#EAA471,#EAA471,#EAA471,#EAA471,#EAA471,#CF854F,#CF854F,#CF854F,#CF854F,#CF854F,#CF854F,#CF854F,#CF854F,#CF854F,#CF854F,#CF854F,#CF854F,#CF854F,#CF854F,#CF854F,#B6EEFD,#B6EEFD,#B6EEFD,#B6EEFD,#B6EEFD,#AAEBFF,#AAEBFF,#AAEBFF,#AAEBFF,#AAEBFF,#95E7FE,#95E7FE,#95E7FE,#95E7FE,#95E7FE,#87E3FE,#87E3FE,#87E3FE,#87E3FE,#87E3FE
#87E3FE,#87E3FE,#87E3FE,#87E3FE,#87E3FE,#A2EAFD,#A2EAFD,#A2EAFD,#A2EAFD,#A2EAFD,#EAA471,#EAA471,#EAA471,#EAA471,#EAA471,#CF854F,#CF854F,#CF854F,#CF854F,#CF854F,#CF854F,#CF854F,#CF854F,#CF854F,#CF854F,#CF854F,#CF854F,#CF854F,#CF854F,#CF854F,#B6EEFD,#B6EEFD,#B6EEFD,#B6EEFD,#B6EEFD,#AAEBFF,#AAEBFF,#AAEBFF,#AAEBFF,#AAEBFF,#95E7FE,#95E7FE,#95E7FE,#95E7FE,#95E7FE,#87E3FE,#87E3FE,#87E3FE,#87E3FE,#87E3FE
#87E3FE,#87E3FE,#87E3FE,#87E3FE,#87E3FE,#A2EAFD,#A2EAFD,#A2EAFD,#A2EAFD,#A2EAFD,#EAA471,#EAA471,#EAA471,#EAA471,#EAA471,#CF854F,#CF854F,#CF854F,#CF854F,#CF854F,#CF854F,#CF854F,#CF854F,#CF854F,#CF854F,#CF854F,#CF854F,#CF854F,#CF854F,#CF854F,#B6EEFD,#B6EEFD,#B6EEFD,#B6EEFD,#B6EEFD,#AAEBFF,#AAEBFF,#AAEBFF,#AAEBFF,#AAEBFF,#95E7FE,#95E7FE,#95E7FE,#95E7FE,#95E7FE,#87E3FE,#87E3FE,#87E3FE,#87E3FE,#87E3FE
#87E3FE,#87E3FE,#87E3FE,#87E3FE,#87E3FE,#A2EAFD,#A2EAFD,#A2EAFD,#A2EAFD,#A2EAFD,#EAA471,#EAA471,#EAA471,#EAA471,#EAA471,#CF854F,#CF854F,#CF854F,#CF854F,#CF854F,#CF854F,#CF854F,#CF854F,#CF854F,#CF854F,#CF854F,#CF854F,#CF854F,#CF854F,#CF854F,#B6EEFD,#B6EEFD,#B6EEFD,#B6EEFD,#B6EEFD,#AAEBFF,#AAEBFF,#AAEBFF,#AAEBFF,#AAEBFF,#95E7FE,#95E7FE,#95E7FE,#95E7FE,#95E7FE,#87E3FE,#87E3FE,#87E3FE,#87E3FE,#87E3FE
